feature,importance_type,importance,importance_normalized
dem_slope_median,cover,389.1169738769531,0.034052473976446396
clim_tmin_mean_12m_median,cover,345.14141845703125,0.030204077332073337
clim_aet_sum_12m_median,cover,301.9962463378906,0.02642834933913071
clim_tmin_mean_12m_mean,cover,281.9524230957031,0.02467427070682999
clim_pr_sum_12m_stdDev,cover,270.856689453125,0.023703258886531055
clim_pr_sum_12m_median,cover,258.4573974609375,0.022618169835587107
clim_pr_sum_12m_mean,cover,243.77999877929688,0.02133371870597243
clim_pet_sum_12m_median,cover,239.7571258544922,0.0209816683335161
s1_vv_minus_vh_median_12m_stdDev,cover,228.2906494140625,0.01997821200340818
clim_def_sum_12m_median,cover,210.48358154296875,0.018419876705835208
s2_bsi_median_12m_median,cover,196.924072265625,0.017233254513028626
s1_vv_minus_vh_median_12m_median,cover,195.29151916503906,0.017090386235094165
dem_aspect_sin_stdDev,cover,194.96405029296875,0.017061728720791546
clim_tmax_mean_12m_median,cover,189.81991577148438,0.016611554303626236
dem_elevation_median,cover,185.366455078125,0.01622182225761762
s1_vv_median_12m_mean,cover,182.2519073486328,0.015949261401558765
s1_vv_median_12m_median,cover,179.813720703125,0.01573589037724018
s2_b8_median_12m_stdDev,cover,175.0277099609375,0.015317056152082812
s2_b3_median_12m_stdDev,cover,174.3832244873047,0.015260655824437329
s1_angle_median_12m_median,cover,174.25491333007812,0.015249427035575174
dem_elevation_mean,cover,168.99465942382812,0.014789090758112444
s1_vv_minus_vh_median_12m_mean,cover,167.51646423339844,0.01465973067712525
s2_ndmi_median_12m_mean,cover,163.91278076171875,0.014344364486809615
dem_aspect_cos_median,cover,162.26344299316406,0.014200027346020072
qa_sentinel2_image_count,cover,160.54986572265625,0.014050068466485176
hydro_surface_water_seasonality_mean,cover,158.49842834472656,0.01387054271300738
s1_vh_median_12m_median,cover,154.2986297607422,0.01350300919072863
clim_aet_sum_12m_mean,cover,144.87818908691406,0.012678605907325143
dem_slope_mean,cover,144.7402801513672,0.012666537195975856
dem_aspect_cos_stdDev,cover,142.2512969970703,0.01244872085852585
hydro_surface_water_seasonality_median,cover,139.50274658203125,0.012208189224686958
clim_aridity_pr_pet_12m_mean,cover,130.78060913085938,0.011444895977374287
hydro_upstream_area_median,cover,129.8741912841797,0.011365573377210341
s2_b8_median_12m_mean,cover,126.67012023925781,0.011085178140814436
s1_vh_median_12m_mean,cover,126.27534484863281,0.011050630486462945
s2_ndvi_median_12m_stdDev,cover,125.29866790771484,0.010965159359920618
clim_aridity_pr_pet_12m_median,cover,124.33326721191406,0.010880675042150931
s1_vv_median_12m_stdDev,cover,123.54662322998047,0.01081183411378785
clim_pet_sum_12m_mean,cover,122.72510528564453,0.010739941289010874
dem_tpi_500m_stdDev,cover,119.24722290039062,0.010435584225794069
dem_elevation_stdDev,cover,118.93246459960938,0.010408039041271706
dem_aspect_sin_mean,cover,116.87577056884766,0.010228053266654295
qa_sentinel1_image_count,cover,116.42721557617188,0.010188799242182139
hydro_surface_water_occurrence_stdDev,cover,112.2124252319336,0.00981995375830783
s2_b11_median_12m_stdDev,cover,112.03398132324219,0.009804337743163524
clim_tmax_mean_12m_mean,cover,110.46215057373047,0.009666783410439781
hydro_upstream_area_stdDev,cover,109.86477661132812,0.009614505913762535
clim_aridity_pr_pet_12m_stdDev,cover,104.7896499633789,0.009170370525926409
s2_b11_median_12m_mean,cover,103.05577850341797,0.009018635657666734
s2_b2_median_12m_stdDev,cover,101.46753692626953,0.008879645177669683
dem_aspect_sin_median,cover,99.41336059570312,0.008699879732480535
s2_ndmi_median_12m_median,cover,95.4015884399414,0.008348800812503358
clim_def_sum_12m_mean,cover,94.69158172607422,0.008286666578403589
hydro_surface_water_occurrence_median,cover,92.93811798095703,0.008133217146593073
s2_bsi_median_12m_mean,cover,92.54200744628906,0.00809855265087811
s1_angle_median_12m_stdDev,cover,91.69510650634766,0.00802443850486529
s2_ndvi_median_12m_median,cover,88.68052673339844,0.007760626062438309
s2_b12_median_12m_stdDev,cover,86.41703033447266,0.00756254256211644
dem_tpi_500m_median,cover,83.82981872558594,0.007336130038639543
s2_nbr_median_12m_mean,cover,83.78872680664062,0.007332533995304332
s2_mndwi_median_12m_stdDev,cover,80.6508560180664,0.007057932087541851
clim_def_sum_12m_stdDev,cover,78.97212219238281,0.006911022433761115
s2_b2_median_12m_mean,cover,78.77066040039062,0.006893392073510545
s2_b3_median_12m_mean,cover,78.73295593261719,0.006890092473406087
s2_mndwi_median_12m_median,cover,77.77679443359375,0.006806416697871629
s2_bsi_median_12m_stdDev,cover,77.56340789794922,0.006787742777329017
s2_b12_median_12m_median,cover,77.26445007324219,0.006761580326885233
s2_b4_median_12m_median,cover,76.57853698730469,0.0067015545786474374
hydro_surface_water_occurrence_mean,cover,75.43470001220703,0.006601454913398378
hydro_surface_water_seasonality_stdDev,cover,72.57633209228516,0.006351312910497657
clim_aet_sum_12m_stdDev,cover,71.16575622558594,0.0062278703438216326
s2_b3_median_12m_median,cover,70.82044219970703,0.006197651161238089
s2_b11_median_12m_median,cover,69.33248901367188,0.006067437136800145
s2_mndwi_median_12m_mean,cover,68.73078918457031,0.006014781074105248
s1_angle_median_12m_mean,cover,67.20203399658203,0.00588099637759959
s2_ndvi_median_12m_mean,cover,64.14976501464844,0.005613885670398019
s2_b8_median_12m_median,cover,63.698299407958984,0.005574376931753494
s1_vh_median_12m_stdDev,cover,62.343177795410156,0.005455787287651175
s2_nbr_median_12m_stdDev,cover,61.78025817871094,0.005406524965816449
clim_pet_sum_12m_stdDev,cover,57.61423110961914,0.005041946862368615
s2_b4_median_12m_mean,cover,57.453487396240234,0.005027879829871484
s2_nbr_median_12m_median,cover,53.63174057006836,0.0046934304404086195
dem_slope_stdDev,cover,50.59858703613281,0.004427992567699504
s2_b2_median_12m_median,cover,50.25750732421875,0.004398143939154402
hydro_upstream_area_mean,cover,43.993282318115234,0.0038499479638475047
dem_tpi_500m_mean,cover,42.860111236572266,0.003750781694176355
clim_tmin_mean_12m_stdDev,cover,42.041282653808594,0.0036791242212886586
s2_b12_median_12m_mean,cover,39.46258544921875,0.003453456811878247
s2_ndmi_median_12m_stdDev,cover,37.15802001953125,0.0032517792712159696
dem_aspect_cos_mean,cover,37.05304718017578,0.00324259286938731
clim_tmax_mean_12m_stdDev,cover,35.9232063293457,0.003143718035459907
s2_b4_median_12m_stdDev,cover,35.782562255859375,0.0031314099662317343
clim_tmin_mean_12m_mean,gain,54.75870132446289,0.09667414324848102
clim_tmin_mean_12m_median,gain,31.381010055541992,0.055401829992564135
clim_aet_sum_12m_median,gain,24.98387336730957,0.04410795899818367
s1_vv_minus_vh_median_12m_median,gain,13.493537902832031,0.023822263578125263
dem_elevation_median,gain,12.320392608642578,0.021751125777582016
dem_elevation_mean,gain,10.396187782287598,0.018354024522016683
s1_angle_median_12m_median,gain,9.850887298583984,0.017391319859561907
clim_aet_sum_12m_mean,gain,9.641959190368652,0.017022466227651172
s1_vv_minus_vh_median_12m_mean,gain,9.600419998168945,0.016949130561902895
clim_def_sum_12m_median,gain,8.277146339416504,0.014612947559950924
clim_tmax_mean_12m_mean,gain,8.107344627380371,0.014313169905693717
clim_pr_sum_12m_mean,gain,7.39473819732666,0.013055093756469467
clim_def_sum_12m_mean,gain,7.311306476593018,0.01290779862479935
clim_pr_sum_12m_median,gain,6.889915466308594,0.012163850833735513
hydro_upstream_area_median,gain,6.52897834777832,0.011526631800841805
clim_tmax_mean_12m_median,gain,6.285373210906982,0.011096557359185084
qa_sentinel1_image_count,gain,6.223229885101318,0.010986845977513036
clim_aridity_pr_pet_12m_mean,gain,6.156611919403076,0.010869234810647084
s2_nbr_median_12m_median,gain,6.096124172210693,0.010762446282149934
clim_pet_sum_12m_mean,gain,6.07485818862915,0.010724902098424681
clim_aridity_pr_pet_12m_median,gain,5.900511741638184,0.010417100909141568
s1_angle_median_12m_stdDev,gain,5.8969268798828125,0.010410771989162052
s2_b4_median_12m_median,gain,5.850783824920654,0.010329308400774477
s2_b8_median_12m_mean,gain,5.684514045715332,0.010035766222746092
s2_b4_median_12m_mean,gain,5.667965888977051,0.010006551160366585
s2_b12_median_12m_median,gain,5.540002822875977,0.00978063784460934
s2_ndmi_median_12m_median,gain,5.445540904998779,0.009613869372028586
dem_slope_stdDev,gain,5.331882476806641,0.0094132102821912
hydro_surface_water_occurrence_mean,gain,5.301145076751709,0.00935894471810506
s1_vv_median_12m_stdDev,gain,5.213094711303711,0.0092034955668923
s2_nbr_median_12m_mean,gain,5.156628131866455,0.009103806237941207
s1_angle_median_12m_mean,gain,5.0859198570251465,0.008978973805368379
s2_bsi_median_12m_median,gain,5.031278133392334,0.00888250618122729
dem_slope_mean,gain,4.937594890594482,0.008717112426168025
s2_nbr_median_12m_stdDev,gain,4.891625881195068,0.008635956107771474
qa_sentinel2_image_count,gain,4.8521246910095215,0.008566218447342755
s1_vh_median_12m_median,gain,4.83425235748291,0.008534665607524685
s2_b3_median_12m_mean,gain,4.828885078430176,0.008525189906102841
s2_b2_median_12m_mean,gain,4.812667369842529,0.008496558235788485
s2_mndwi_median_12m_median,gain,4.777106285095215,0.00843377666285521
s2_ndvi_median_12m_median,gain,4.775008678436279,0.008430073428086668
hydro_upstream_area_stdDev,gain,4.7545952796936035,0.00839403444639964
s2_b8_median_12m_median,gain,4.746021747589111,0.008378898242458205
s2_b2_median_12m_median,gain,4.732612133026123,0.008355224141944246
s2_b8_median_12m_stdDev,gain,4.724632740020752,0.008341136865150256
s1_vh_median_12m_mean,gain,4.683528900146484,0.008268569795297333
hydro_surface_water_occurrence_stdDev,gain,4.665832996368408,0.008237328434648248
dem_aspect_sin_mean,gain,4.656219482421875,0.008220356187280994
s2_ndmi_median_12m_mean,gain,4.605309009552002,0.008130475926646119
hydro_surface_water_occurrence_median,gain,4.568312644958496,0.008065160428581379
s2_b11_median_12m_stdDev,gain,4.5606465339660645,0.008051626237771232
s2_mndwi_median_12m_mean,gain,4.523397445678711,0.007985864566842813
dem_tpi_500m_median,gain,4.481980323791504,0.007912744411006048
hydro_surface_water_seasonality_stdDev,gain,4.358209609985352,0.0076942325137723325
clim_pet_sum_12m_median,gain,4.357968807220459,0.007693807386798449
s2_ndvi_median_12m_mean,gain,4.324522018432617,0.007634758512879428
s2_ndvi_median_12m_stdDev,gain,4.304932117462158,0.007600173381259522
s2_bsi_median_12m_stdDev,gain,4.196645736694336,0.0074089984111999
dem_tpi_500m_stdDev,gain,4.172452926635742,0.00736628704061188
s1_vh_median_12m_stdDev,gain,4.167462348937988,0.007357476389307595
clim_pet_sum_12m_stdDev,gain,4.158374309539795,0.007341431844762557
s2_bsi_median_12m_mean,gain,4.146455764770508,0.007320390164144307
s2_ndmi_median_12m_stdDev,gain,4.1104044914245605,0.007256743184222611
dem_aspect_cos_mean,gain,4.072576522827148,0.007189959524885687
dem_elevation_stdDev,gain,4.048746585845947,0.007147888791183065
s2_b2_median_12m_stdDev,gain,4.045149803161621,0.0071415388253137525
s2_b11_median_12m_mean,gain,4.040994167327881,0.007134202228130794
dem_aspect_cos_stdDev,gain,4.022202014923096,0.00710102548745605
s1_vv_minus_vh_median_12m_stdDev,gain,3.978433847427368,0.0070237546612336756
s1_vv_median_12m_mean,gain,3.911287784576416,0.006905211161449751
s2_b12_median_12m_mean,gain,3.891101121902466,0.006869572472586646
s2_b11_median_12m_median,gain,3.882636785507202,0.006854629048995745
clim_tmax_mean_12m_stdDev,gain,3.8705878257751465,0.006833357126343124
s2_b4_median_12m_stdDev,gain,3.8653244972229004,0.0068240649450803026
clim_tmin_mean_12m_stdDev,gain,3.8645594120025635,0.006822714219873182
dem_aspect_sin_stdDev,gain,3.831873655319214,0.0067650089155587515
dem_tpi_500m_mean,gain,3.8136773109436035,0.006732884048456021
clim_aridity_pr_pet_12m_stdDev,gain,3.7983081340789795,0.00670575042457736
s2_b3_median_12m_stdDev,gain,3.7870962619781494,0.00668595634430623
s2_b3_median_12m_median,gain,3.777975559234619,0.00666985413402315
clim_def_sum_12m_stdDev,gain,3.7701666355133057,0.006656067813453245
hydro_surface_water_seasonality_median,gain,3.756256103515625,0.006631509364650049
hydro_surface_water_seasonality_mean,gain,3.7181732654571533,0.006564275744189282
s2_mndwi_median_12m_stdDev,gain,3.681183338165283,0.006498971610905032
s1_vv_median_12m_median,gain,3.658329725265503,0.00645862453557672
s2_b12_median_12m_stdDev,gain,3.63236665725708,0.006412787850353963
clim_pr_sum_12m_stdDev,gain,3.5051751136779785,0.0061882366245843284
clim_aet_sum_12m_stdDev,gain,3.465576410293579,0.006118326808777076
hydro_upstream_area_mean,gain,3.3754794597625732,0.005959264499204101
dem_aspect_sin_median,gain,3.135983467102051,0.005536444575760134
dem_aspect_cos_median,gain,2.933457136154175,0.0051788930075877615
dem_slope_median,gain,1.7022624015808105,0.0030052714048462827
clim_tmin_mean_12m_mean,total_cover,51033.38671875,0.044940754185478514
dem_aspect_sin_stdDev,total_cover,44451.8046875,0.03914491582875631
clim_tmin_mean_12m_median,total_cover,41071.828125,0.03616845854041055
s1_vv_minus_vh_median_12m_stdDev,total_cover,37667.95703125,0.03317095937488737
qa_sentinel2_image_count,total_cover,36444.8203125,0.03209384711276152
dem_elevation_mean,total_cover,35319.8828125,0.031103210533219124
dem_aspect_cos_stdDev,total_cover,29730.521484375,0.026181136384281708
s1_vv_minus_vh_median_12m_median,total_cover,29684.310546875,0.026140442350113192
s2_b8_median_12m_stdDev,total_cover,26254.15625,0.02311979780767515
clim_pet_sum_12m_median,total_cover,25893.76953125,0.022802435939682477
clim_aet_sum_12m_median,total_cover,23253.7109375,0.020477561344334733
hydro_upstream_area_stdDev,total_cover,22412.4140625,0.01973670288897192
dem_slope_mean,total_cover,22290.00390625,0.01962890669719349
clim_tmax_mean_12m_median,total_cover,22019.109375,0.0193903529714494
dem_aspect_sin_mean,total_cover,21388.265625,0.01883482264667518
s1_vv_median_12m_stdDev,total_cover,21126.47265625,0.01860428389131255
s1_angle_median_12m_median,total_cover,21084.84375,0.01856762486154637
hydro_upstream_area_median,total_cover,20520.12109375,0.01807032174863779
s2_b11_median_12m_stdDev,total_cover,19942.048828125,0.0175612627725195
clim_pr_sum_12m_mean,total_cover,19502.400390625,0.017174101864179118
dem_elevation_median,total_cover,17795.1796875,0.015670698094753962
s2_bsi_median_12m_median,total_cover,17723.166015625,0.015607281791549084
s1_vv_minus_vh_median_12m_mean,total_cover,17421.712890625,0.015341817716751714
s2_b3_median_12m_stdDev,total_cover,17089.556640625,0.015049316016547368
clim_tmax_mean_12m_mean,total_cover,16900.708984375,0.014883013980885743
clim_pr_sum_12m_stdDev,total_cover,16522.2578125,0.014549744288631676
s1_vv_median_12m_mean,total_cover,16402.671875,0.014444435145602511
dem_elevation_stdDev,total_cover,15223.35546875,0.013405911697956994
s1_angle_median_12m_stdDev,total_cover,14854.607421875,0.01308118672090788
s1_vh_median_12m_median,total_cover,13578.279296875,0.011957233320720085
s1_vv_median_12m_median,total_cover,13486.029296875,0.011875996608046904
clim_def_sum_12m_median,total_cover,13470.94921875,0.011862716868494279
clim_pet_sum_12m_mean,total_cover,12640.685546875,0.011131574414780576
dem_aspect_sin_median,total_cover,12625.4970703125,0.011118199217962678
s2_b8_median_12m_mean,total_cover,12540.341796875,0.011043210226300365
s2_mndwi_median_12m_median,total_cover,12522.0634765625,0.011027114067434512
dem_tpi_500m_stdDev,total_cover,12401.7109375,0.010921129843745537
clim_pr_sum_12m_median,total_cover,12147.498046875,0.010697266217149096
dem_tpi_500m_median,total_cover,12071.494140625,0.010630336054611745
qa_sentinel1_image_count,total_cover,11759.1484375,0.01035527981461751
s1_vh_median_12m_mean,total_cover,11491.056640625,0.010119194218164708
s2_ndvi_median_12m_stdDev,total_cover,11276.8798828125,0.00993058700151769
clim_aet_sum_12m_mean,total_cover,11155.6201171875,0.009823803860716657
s1_angle_median_12m_mean,total_cover,10819.52734375,0.009527835599824792
clim_aridity_pr_pet_12m_mean,total_cover,10200.8876953125,0.008983052387159704
s2_b2_median_12m_stdDev,total_cover,9740.8837890625,0.008577966152356757
s2_mndwi_median_12m_stdDev,total_cover,9274.8486328125,0.008167568709713049
s2_b12_median_12m_stdDev,total_cover,8382.4521484375,0.007381711183515454
s2_mndwi_median_12m_mean,total_cover,8110.2333984375,0.0071419913311793854
clim_aridity_pr_pet_12m_stdDev,total_cover,8068.80322265625,0.00710550730639954
s2_b8_median_12m_median,total_cover,7834.890625,0.006899520417657665
s1_vh_median_12m_stdDev,total_cover,7294.15185546875,0.006423337869672198
s2_ndmi_median_12m_mean,total_cover,6720.423828125,0.005918104493955398
s2_b11_median_12m_mean,total_cover,6492.51416015625,0.005717403873768761
clim_aet_sum_12m_stdDev,total_cover,6404.91796875,0.005640265373687087
dem_aspect_cos_median,total_cover,6328.2744140625,0.005572771927287091
clim_def_sum_12m_stdDev,total_cover,6159.82568359375,0.005424433486991678
s2_nbr_median_12m_stdDev,total_cover,6116.24560546875,0.00538605622645059
dem_slope_stdDev,total_cover,5768.23876953125,0.005079596266132354
s2_bsi_median_12m_stdDev,total_cover,5584.5654296875,0.004917850809930618
s2_ndmi_median_12m_median,total_cover,5437.890625,0.004788686810312262
clim_def_sum_12m_mean,total_cover,5113.34521484375,0.004502887328098032
s2_ndvi_median_12m_median,total_cover,4966.109375,0.004373229272633738
clim_pet_sum_12m_stdDev,total_cover,4954.82373046875,0.004363290967353339
s2_b12_median_12m_median,total_cover,4867.66015625,0.004286533436357392
hydro_upstream_area_mean,total_cover,4751.2744140625,0.0041840424325921815
s2_b4_median_12m_median,total_cover,4747.869140625,0.004181043698502037
dem_tpi_500m_mean,total_cover,4671.751953125,0.0041140137788226
dem_slope_median,total_cover,4669.40380859375,0.004111945968062705
dem_aspect_cos_mean,total_cover,4149.94140625,0.003654499703306941
s2_b2_median_12m_mean,total_cover,4096.07421875,0.0036070634622939347
clim_tmax_mean_12m_stdDev,total_cover,4059.322509765625,0.0035746993644835065
s2_bsi_median_12m_mean,total_cover,3886.764404296875,0.003422742147861358
s2_b11_median_12m_median,total_cover,3535.956787109375,0.0031138157782025612
hydro_surface_water_seasonality_mean,total_cover,3486.96533203125,0.0030706731791822614
s2_b4_median_12m_stdDev,total_cover,3291.995849609375,0.0028989801729649763
hydro_surface_water_occurrence_stdDev,total_cover,3254.160400390625,0.0028656617174956617
s2_b3_median_12m_mean,total_cover,3149.318115234375,0.0027733360525066327
s2_nbr_median_12m_median,total_cover,3057.00927734375,0.0026920475263178425
s2_b2_median_12m_median,total_cover,3015.450439453125,0.0026554501997839456
hydro_surface_water_seasonality_median,total_cover,2929.5576171875,0.0025798117117288655
s2_b4_median_12m_mean,total_cover,2872.67431640625,0.002529719436807798
hydro_surface_water_occurrence_median,total_cover,2602.267333984375,0.0022915950537635964
s2_ndmi_median_12m_stdDev,total_cover,2601.0615234375,0.0022905331991843574
clim_tmin_mean_12m_stdDev,total_cover,2564.518310546875,0.002258352706113891
s2_nbr_median_12m_mean,total_cover,2513.661865234375,0.0022135677691444504
s2_b3_median_12m_median,total_cover,2478.715576171875,0.0021827935507860306
s2_ndvi_median_12m_mean,total_cover,2309.3916015625,0.0020336843575716928
clim_aridity_pr_pet_12m_median,total_cover,2113.66552734375,0.0018613250854420647
hydro_surface_water_seasonality_stdDev,total_cover,2104.713623046875,0.0018534419062849587
s2_b12_median_12m_mean,total_cover,2012.591796875,0.001772318065378148
hydro_surface_water_occurrence_mean,total_cover,1810.4327392578125,0.0015942938130428812
clim_tmin_mean_12m_mean,total_gain,9911.3251953125,0.16405131355793684
clim_tmin_mean_12m_median,total_gain,3734.340087890625,0.06181044256122832
dem_elevation_mean,total_gain,2172.80322265625,0.03596403263493539
s1_vv_minus_vh_median_12m_median,total_gain,2051.017822265625,0.03394825225112654
clim_aet_sum_12m_median,total_gain,1923.75830078125,0.03184186473473874
clim_tmax_mean_12m_mean,total_gain,1240.4237060546875,0.02053137540506858
s1_angle_median_12m_median,total_gain,1191.9573974609375,0.019729165667074174
dem_elevation_median,total_gain,1182.7576904296875,0.019576892989800046
qa_sentinel2_image_count,total_gain,1101.4322509765625,0.018230802037777664
hydro_upstream_area_median,total_gain,1031.57861328125,0.017074591259209328
s1_vv_minus_vh_median_12m_mean,total_gain,998.4436645507812,0.016526144733967768
hydro_upstream_area_stdDev,total_gain,969.9374389648438,0.01605431239471977
s1_angle_median_12m_stdDev,total_gain,955.3021240234375,0.015812070051424716
s1_vv_median_12m_stdDev,total_gain,891.439208984375,0.01475501714544681
dem_aspect_sin_stdDev,total_gain,873.6671752929688,0.014460856131231478
dem_aspect_sin_mean,total_gain,852.0881958007812,0.014103682911589024
dem_aspect_cos_stdDev,total_gain,840.6402587890625,0.013914197745146377
s1_angle_median_12m_mean,total_gain,818.8330688476562,0.01355324720781691
s2_b11_median_12m_stdDev,total_gain,811.7950439453125,0.013436754487889911
s2_mndwi_median_12m_median,total_gain,769.1140747070312,0.012730303137592432
dem_slope_mean,total_gain,760.3895874023438,0.012585896252110516
clim_aet_sum_12m_mean,total_gain,742.4308471679688,0.012288644888923648
clim_tmax_mean_12m_median,total_gain,729.103271484375,0.012068048121654785
s2_b8_median_12m_stdDev,total_gain,708.6948852539062,0.011730250450533112
s1_vv_minus_vh_median_12m_stdDev,total_gain,656.4415893554688,0.010865358858243879
dem_tpi_500m_median,total_gain,645.4051513671875,0.010682684784565565
qa_sentinel1_image_count,total_gain,628.5462036132812,0.010403637082090725
clim_pet_sum_12m_mean,total_gain,625.7103881835938,0.010356698934357651
dem_slope_stdDev,total_gain,607.8345947265625,0.010060820498353627
clim_pr_sum_12m_mean,total_gain,591.5790405273438,0.00979176010870409
s2_b8_median_12m_median,total_gain,583.7606811523438,0.00966235136667801
s2_b8_median_12m_mean,total_gain,562.7669067382812,0.009314864405923782
s2_mndwi_median_12m_mean,total_gain,533.7609252929688,0.008834760155142953
clim_def_sum_12m_median,total_gain,529.7373657226562,0.008768162579169908
dem_elevation_stdDev,total_gain,518.2395629882812,0.00857785204002058
s1_vh_median_12m_stdDev,total_gain,487.5931091308594,0.00807059484563647
s2_nbr_median_12m_stdDev,total_gain,484.2709655761719,0.008015607040954983
clim_aridity_pr_pet_12m_mean,total_gain,480.2157287597656,0.007948485146212334
clim_pet_sum_12m_median,total_gain,470.6606140136719,0.007790329794187879
dem_aspect_cos_mean,total_gain,456.1285705566406,0.007549796790696631
s2_bsi_median_12m_median,total_gain,452.8150329589844,0.007494951430998797
clim_tmax_mean_12m_stdDev,total_gain,437.3764343261719,0.007239413212314932
dem_tpi_500m_stdDev,total_gain,433.93511962890625,0.007182452898196729
s1_vh_median_12m_mean,total_gain,426.20111083984375,0.007054440319060048
s1_vh_median_12m_median,total_gain,425.4142150878906,0.007041415695289039
s2_mndwi_median_12m_stdDev,total_gain,423.3360900878906,0.007007018767605864
dem_tpi_500m_mean,total_gain,415.6908264160156,0.006880475089222569
dem_aspect_sin_median,total_gain,398.2698974609375,0.006592125527265738
clim_def_sum_12m_mean,total_gain,394.810546875,0.006534866684830736
s2_b2_median_12m_stdDev,total_gain,388.3343811035156,0.0064276738038895045
s2_ndvi_median_12m_stdDev,total_gain,387.44390869140625,0.006412934789074136
s2_b3_median_12m_stdDev,total_gain,371.13543701171875,0.006142998514312364
hydro_upstream_area_mean,total_gain,364.5517883300781,0.0060340265864476696
s2_b4_median_12m_median,total_gain,362.74859619140625,0.006004180321380475
clim_pet_sum_12m_stdDev,total_gain,357.6202087402344,0.005919295739226245
s2_b4_median_12m_stdDev,total_gain,355.60986328125,0.005886020692070331
s2_b12_median_12m_stdDev,total_gain,352.3395690917969,0.005831891093159138
s1_vv_median_12m_mean,total_gain,352.0158996582031,0.005826533747426529
s2_b12_median_12m_median,total_gain,349.0201721191406,0.005776948749642648
s2_nbr_median_12m_median,total_gain,347.47906494140625,0.005751440489964068
clim_pr_sum_12m_median,total_gain,323.8260192871094,0.00535993752413782
clim_aet_sum_12m_stdDev,total_gain,311.9018859863281,0.005162570401933187
s2_ndmi_median_12m_median,total_gain,310.3958435058594,0.005137642529794374
s2_bsi_median_12m_stdDev,total_gain,302.1584777832031,0.005001298434486312
clim_def_sum_12m_stdDev,total_gain,294.072998046875,0.004867468341602462
clim_aridity_pr_pet_12m_stdDev,total_gain,292.4697265625,0.004840931144222833
s2_ndmi_median_12m_stdDev,total_gain,287.7283020019531,0.004762451535092315
s2_b2_median_12m_median,total_gain,283.95672607421875,0.004700024768445516
s2_b4_median_12m_mean,total_gain,283.3982849121094,0.0046907815033539624
s1_vv_median_12m_median,total_gain,274.3747253417969,0.004541424402128168
s2_ndvi_median_12m_median,total_gain,267.4004821777344,0.004425987391477158
s2_b11_median_12m_mean,total_gain,254.5826416015625,0.004213827711307273
s2_b2_median_12m_mean,total_gain,250.2587127685547,0.004142258451817992
clim_tmin_mean_12m_stdDev,total_gain,235.73812866210938,0.0039019151224095835
clim_pr_sum_12m_stdDev,total_gain,213.81568908691406,0.00353905698408453
s2_b12_median_12m_mean,total_gain,198.44615173339844,0.0032846618611382574
s2_b11_median_12m_median,total_gain,198.0144805908203,0.0032775168813732416
s2_b3_median_12m_mean,total_gain,193.15541076660156,0.0031970900190087803
s2_ndmi_median_12m_mean,total_gain,188.8176727294922,0.0031252921908843864
s2_bsi_median_12m_mean,total_gain,174.15113830566406,0.00288253310568056
s2_ndvi_median_12m_mean,total_gain,155.6827850341797,0.002576846675890935
s2_nbr_median_12m_mean,total_gain,154.69883728027344,0.002560560466093577
hydro_surface_water_occurrence_stdDev,total_gain,135.3091583251953,0.0022396243410684755
s2_b3_median_12m_median,total_gain,132.22914123535156,0.00218864419064331
hydro_surface_water_occurrence_median,total_gain,127.91275787353516,0.002117199823076751
hydro_surface_water_occurrence_mean,total_gain,127.22748565673828,0.002105857262410549
hydro_surface_water_seasonality_stdDev,total_gain,126.3880844116211,0.002091963572702056
dem_aspect_cos_median,total_gain,114.40483093261719,0.00189361789892091
clim_aridity_pr_pet_12m_median,total_gain,100.30870056152344,0.0016603000874383916
hydro_surface_water_seasonality_mean,total_gain,81.79981231689453,0.001353942726622052
hydro_surface_water_seasonality_median,total_gain,78.88137817382812,0.0013056370817897335
dem_slope_median,total_gain,20.427148818969727,0.0003381082277050423
dem_aspect_sin_stdDev,weight,228.0,0.02576271186440678
qa_sentinel2_image_count,weight,227.0,0.025649717514124294
dem_aspect_cos_stdDev,weight,209.0,0.02361581920903955
dem_elevation_mean,weight,209.0,0.02361581920903955
hydro_upstream_area_stdDev,weight,204.0,0.02305084745762712
dem_aspect_sin_mean,weight,183.0,0.020677966101694915
clim_tmin_mean_12m_mean,weight,181.0,0.020451977401129945
s2_b11_median_12m_stdDev,weight,178.0,0.020112994350282486
s1_vv_median_12m_stdDev,weight,171.0,0.019322033898305085
s1_vv_minus_vh_median_12m_stdDev,weight,165.0,0.01864406779661017
s1_angle_median_12m_stdDev,weight,162.0,0.01830508474576271
s1_angle_median_12m_mean,weight,161.0,0.018192090395480226
s2_mndwi_median_12m_median,weight,161.0,0.018192090395480226
hydro_upstream_area_median,weight,158.0,0.017853107344632767
dem_slope_mean,weight,154.0,0.017401129943502826
clim_tmax_mean_12m_mean,weight,153.0,0.01728813559322034
s1_vv_minus_vh_median_12m_median,weight,152.0,0.017175141242937852
s2_b8_median_12m_stdDev,weight,150.0,0.01694915254237288
dem_tpi_500m_median,weight,144.0,0.016271186440677966
dem_elevation_stdDev,weight,128.0,0.014463276836158192
dem_aspect_sin_median,weight,127.0,0.014350282485875707
s2_b8_median_12m_median,weight,123.0,0.013898305084745762
s1_angle_median_12m_median,weight,121.0,0.013672316384180792
clim_tmin_mean_12m_median,weight,119.0,0.01344632768361582
s2_mndwi_median_12m_mean,weight,118.0,0.013333333333333334
s1_vh_median_12m_stdDev,weight,117.0,0.013220338983050847
clim_tmax_mean_12m_median,weight,116.0,0.013107344632768362
s2_mndwi_median_12m_stdDev,weight,115.0,0.012994350282485875
dem_slope_stdDev,weight,114.0,0.01288135593220339
clim_tmax_mean_12m_stdDev,weight,113.0,0.012768361581920904
dem_aspect_cos_mean,weight,112.0,0.012655367231638417
dem_tpi_500m_mean,weight,109.0,0.01231638418079096
hydro_upstream_area_mean,weight,108.0,0.012203389830508475
clim_pet_sum_12m_median,weight,108.0,0.012203389830508475
dem_tpi_500m_stdDev,weight,104.0,0.01175141242937853
s1_vv_minus_vh_median_12m_mean,weight,104.0,0.01175141242937853
clim_pet_sum_12m_mean,weight,103.0,0.011638418079096045
qa_sentinel1_image_count,weight,101.0,0.011412429378531073
s2_b8_median_12m_mean,weight,99.0,0.011186440677966102
s2_nbr_median_12m_stdDev,weight,99.0,0.011186440677966102
s2_b3_median_12m_stdDev,weight,98.0,0.011073446327683615
s2_b12_median_12m_stdDev,weight,97.0,0.01096045197740113
dem_elevation_median,weight,96.0,0.010847457627118645
s2_b2_median_12m_stdDev,weight,96.0,0.010847457627118645
s2_b4_median_12m_stdDev,weight,92.0,0.0103954802259887
s1_vh_median_12m_mean,weight,91.0,0.010282485875706215
s1_vv_median_12m_mean,weight,90.0,0.010169491525423728
s2_bsi_median_12m_median,weight,90.0,0.010169491525423728
s2_ndvi_median_12m_stdDev,weight,90.0,0.010169491525423728
clim_aet_sum_12m_stdDev,weight,90.0,0.010169491525423728
s1_vh_median_12m_median,weight,88.0,0.009943502824858758
clim_pet_sum_12m_stdDev,weight,86.0,0.009717514124293785
clim_pr_sum_12m_mean,weight,80.0,0.00903954802259887
clim_aridity_pr_pet_12m_mean,weight,78.0,0.008813559322033898
clim_def_sum_12m_stdDev,weight,78.0,0.008813559322033898
clim_aet_sum_12m_mean,weight,77.0,0.008700564971751413
clim_aet_sum_12m_median,weight,77.0,0.008700564971751413
clim_aridity_pr_pet_12m_stdDev,weight,77.0,0.008700564971751413
s1_vv_median_12m_median,weight,75.0,0.00847457627118644
s2_bsi_median_12m_stdDev,weight,72.0,0.008135593220338983
s2_ndmi_median_12m_stdDev,weight,70.0,0.007909604519774011
clim_def_sum_12m_median,weight,64.0,0.007231638418079096
s2_b11_median_12m_mean,weight,63.0,0.00711864406779661
s2_b12_median_12m_median,weight,63.0,0.00711864406779661
s2_b4_median_12m_median,weight,62.0,0.007005649717514125
clim_pr_sum_12m_stdDev,weight,61.0,0.0068926553672316385
clim_tmin_mean_12m_stdDev,weight,61.0,0.0068926553672316385
s2_b2_median_12m_median,weight,60.0,0.006779661016949152
s2_nbr_median_12m_median,weight,57.0,0.006440677966101695
s2_ndmi_median_12m_median,weight,57.0,0.006440677966101695
s2_ndvi_median_12m_median,weight,56.0,0.006327683615819209
clim_def_sum_12m_mean,weight,54.0,0.006101694915254237
s2_b2_median_12m_mean,weight,52.0,0.005875706214689265
s2_b11_median_12m_median,weight,51.0,0.00576271186440678
s2_b12_median_12m_mean,weight,51.0,0.00576271186440678
s2_b4_median_12m_mean,weight,50.0,0.005649717514124294
clim_pr_sum_12m_median,weight,47.0,0.005310734463276836
s2_bsi_median_12m_mean,weight,42.0,0.0047457627118644066
s2_ndmi_median_12m_mean,weight,41.0,0.004632768361581921
s2_b3_median_12m_mean,weight,40.0,0.004519774011299435
dem_aspect_cos_median,weight,39.0,0.004406779661016949
s2_ndvi_median_12m_mean,weight,36.0,0.004067796610169492
s2_b3_median_12m_median,weight,35.0,0.0039548022598870055
s2_nbr_median_12m_mean,weight,30.0,0.003389830508474576
hydro_surface_water_occurrence_stdDev,weight,29.0,0.0032768361581920905
hydro_surface_water_seasonality_stdDev,weight,29.0,0.0032768361581920905
hydro_surface_water_occurrence_median,weight,28.0,0.0031638418079096044
hydro_surface_water_occurrence_mean,weight,24.0,0.002711864406779661
hydro_surface_water_seasonality_mean,weight,22.0,0.0024858757062146894
hydro_surface_water_seasonality_median,weight,21.0,0.0023728813559322033
clim_aridity_pr_pet_12m_median,weight,17.0,0.0019209039548022599
dem_slope_median,weight,12.0,0.0013559322033898306
